{"2035":{"id":2035,"type":2,"prefab":"chest_gold","grade":1,"icon":"chest_gold_icon","name":"金质宝箱","memo":"金函崇宝藏，玉树閟灵根.金质宝箱,有机会开出传说级物品.","shortcut":false,"attr":""},"2036":{"id":2036,"type":2,"prefab":"chest_silver","grade":1,"icon":"chest_silver_icon","name":"银质宝箱","memo":"银函崇宝藏，石树閟灵根.银质宝箱,有机会开出史诗级物品.","shortcut":false,"attr":""},"2037":{"id":2037,"type":2,"prefab":"chest_wood","grade":1,"icon":"chest_wood_icon","name":"木质宝箱","memo":"木函崇宝藏，小树閟灵根.木质宝箱,有机会开出稀有级物品.","shortcut":false,"attr":""},"2115":{"id":2115,"type":2,"prefab":"lantern","grade":1,"icon":"lantern_icon","name":"蓝灯","memo":"惟怜一灯影,万里眼中明.放置在陆地之上,标记前行之路.","shortcut":true,"attr":""},"2125":{"id":2125,"type":2,"prefab":"mushroom_1","grade":2,"icon":"mushroom_1_icon","name":"美味牛肝菌","memo":"香痕浮玉叶，生意满琼枝.不仅营养丰富,最重要的是烹调后口味异常鲜美,吃下恢复30点血量","shortcut":true,"attr":"2_30"},"2126":{"id":2126,"type":2,"prefab":"mushroom_2","grade":1,"icon":"mushroom_2_icon","name":"鹅膏菌","memo":"红伞伞,白杆杆,吃完一起躺板板.一种有毒的大型真菌,可能可以开发新特效药.","shortcut":true,"attr":"2_-30"},"2127":{"id":2127,"type":2,"prefab":"mushroom_3","grade":2,"icon":"mushroom_3_icon","name":"紫晶蘑菇","memo":"可食用,据说是另一个次元的炼金术研究用的材料","shortcut":false,"attr":""},"2128":{"id":2128,"type":2,"prefab":"mushroom_4","grade":1,"icon":"mushroom_4_icon","name":"真红菇","memo":"土膏松暖都渗入,蒸出蕈花团戢戢.一种名贵的食用菌,其味道鲜甜,具有较高的营养价值,吃下恢复30点体力","shortcut":true,"attr":"1_30"},"2188":{"id":2188,"type":2,"prefab":"ruby_LOD_setup","grade":3,"icon":"ruby_LOD_setup_icon","name":"绯红之石","memo":"彤霞铄石玉晶荧.放置在陆地之上,照亮一小片区域.","shortcut":true,"attr":""}}